LGA_code,LGA_name,household_target,population_target,net_target
ITN_NI_01_01_ABADAM,Abadam,16273,81299,45181
ITN_NI_01_02_ASKIRA_UBA,Askira Uba,55848,278107,154728
ITN_NI_01_03_BAMA,Bama,87313,436497,242567
ITN_NI_01_04_BAYO,Bayo,41580,207155,115278
ITN_NI_01_05_BIU,Biu,84916,423309,235494
ITN_NI_01_06_CHIBOK,Chibok,29406,146651,81591
ITN_NI_01_07_DAMBOA,Damboa,71707,358065,199053
ITN_NI_01_08_DIKWA,Dikwa,44608,222989,123904
ITN_NI_01_09_GUBIO,Gubio,24129,120469,67066
ITN_NI_01_10_GUZAMALA,Guzamala,16648,82863,46117
ITN_NI_01_11_GWOZA,Gwoza,92977,464710,258259
ITN_NI_01_12_HAWUL,Hawul,46993,234647,130662
ITN_NI_01_13_JERE,Jere,236215,1180694,656202
ITN_NI_01_14_KAGA,Kaga,32025,160069,89121
ITN_NI_01_15_KALA_BALGE,Kala Balge,10329,51600,28676
ITN_NI_01_16_KONDUGA,Konduga,85552,427108,237426
ITN_NI_01_17_KUKAWA,Kukawa,21435,106800,59407
ITN_NI_01_18_KWAYA_KUSAR,Kwaya Kusar,28514,142378,79359
ITN_NI_01_19_MAFA,Mafa,75097,374827,208379
ITN_NI_01_20_MAGUMERI,Magumeri,42142,209627,116665
ITN_NI_01_21_MAIDUGURI__MMC_,Maiduguri (MMC),243688,1217673,676710
ITN_NI_01_22_MARTE,Marte,15188,75884,42171
ITN_NI_01_23_MOBBAR,Mobbar,46573,232664,129325
ITN_NI_01_24_MONGUNO,Monguno,66182,330545,183708
ITN_NI_01_25_NGALA,Ngala,75205,375990,208925
ITN_NI_01_26_NGANZAI,Nganzai,46459,231046,128653
ITN_NI_01_27_SHANI,Shani,63480,316420,176046